muestra,modelo,aprobacion_objetivo_pct,n,aprobados,aprobacion_pct,tasa_malos_aprobados_pct,ganancia_buenos,perdida_malos,perdida_evitada,ganancia_sacrificada,utilidad_neta,ahorro_vs_actual
VALIDATION,Modelo propuesto,40,10583,4233,39.9981,4.0397,2904330.0,504450.0,4162450.0,3531385.0,2399880.0,631065.0
VALIDATION,Modelo propuesto,41,10583,4339,40.9997,4.0793,2975830.0,522150.0,4144750.0,3459885.0,2453680.0,684865.0
VALIDATION,Modelo propuesto,42,10583,4445,42.0013,4.0945,3048045.0,536900.0,4130000.0,3387670.0,2511145.0,742330.0
VALIDATION,Modelo propuesto,43,10583,4551,43.0029,4.1749,3118115.0,560500.0,4106400.0,3317600.0,2557615.0,788800.0
VALIDATION,Modelo propuesto,44,10583,4657,44.0045,4.3805,3183895.0,601800.0,4065100.0,3251820.0,2582095.0,813280.0
VALIDATION,Modelo propuesto,45,10583,4762,44.9967,4.4729,3252535.0,628350.0,4038550.0,3183180.0,2624185.0,855370.0
VALIDATION,Modelo propuesto,46,10583,4868,45.9983,4.5193,3323320.0,649000.0,4017900.0,3112395.0,2674320.0,905505.0
VALIDATION,Modelo propuesto,47,10583,4974,46.9999,4.6039,3392675.0,675550.0,3991350.0,3043040.0,2717125.0,948310.0
VALIDATION,Modelo propuesto,48,10583,5080,48.0015,4.7244,3460600.0,708000.0,3958900.0,2975115.0,2752600.0,983785.0
VALIDATION,Modelo propuesto,49,10583,5186,49.0031,4.7628,3531385.0,728650.0,3938250.0,2904330.0,2802735.0,1033920.0
VALIDATION,Modelo propuesto,50,10583,5292,50.0047,4.8375,3600740.0,755200.0,3911700.0,2834975.0,2845540.0,1076725.0
VALIDATION,Modelo propuesto,51,10583,5397,50.9969,4.9101,3669380.0,781750.0,3885150.0,2766335.0,2887630.0,1118815.0
VALIDATION,Modelo propuesto,52,10583,5503,51.9985,4.9973,3738020.0,811250.0,3855650.0,2697695.0,2926770.0,1157955.0
VALIDATION,Modelo propuesto,53,10583,5609,53.0001,5.1524,3803800.0,852550.0,3814350.0,2631915.0,2951250.0,1182435.0
VALIDATION,Modelo propuesto,54,10583,5715,54.0017,5.1969,3873870.0,876150.0,3790750.0,2561845.0,2997720.0,1228905.0
VALIDATION,Modelo propuesto,55,10583,5821,55.0033,5.3771,3938220.0,923350.0,3743550.0,2497495.0,3014870.0,1246055.0
VALIDATION,Modelo propuesto,56,10583,5926,55.9955,5.4168,4007575.0,946950.0,3719950.0,2428140.0,3060625.0,1291810.0
VALIDATION,Modelo propuesto,57,10583,6032,56.9971,5.5703,4072640.0,991200.0,3675700.0,2363075.0,3081440.0,1312625.0
VALIDATION,Modelo propuesto,58,10583,6138,57.9987,5.6696,4139850.0,1026600.0,3640300.0,2295865.0,3113250.0,1344435.0
VALIDATION,Modelo propuesto,59,10583,6244,59.0003,5.7976,4205630.0,1067900.0,3599000.0,2230085.0,3137730.0,1368915.0
VALIDATION,Modelo propuesto,60,10583,6350,60.0019,5.9213,4271410.0,1109200.0,3557700.0,2164305.0,3162210.0,1393395.0
VALIDATION,Modelo propuesto,61,10583,6456,61.0035,5.9944,4339335.0,1141650.0,3525250.0,2096380.0,3197685.0,1428870.0
VALIDATION,Modelo propuesto,62,10583,6561,61.9957,6.1424,4402970.0,1188850.0,3478050.0,2032745.0,3214120.0,1445305.0
VALIDATION,Modelo propuesto,63,10583,6667,62.9973,6.3597,4463745.0,1250800.0,3416100.0,1971970.0,3212945.0,1444130.0
VALIDATION,Modelo propuesto,64,10583,6773,63.9989,6.4521,4530240.0,1289150.0,3377750.0,1905475.0,3241090.0,1472275.0
VALIDATION,Modelo propuesto,65,10583,6879,65.0005,6.498,4598880.0,1318650.0,3348250.0,1836835.0,3280230.0,1511415.0
VALIDATION,Modelo propuesto,66,10583,6985,66.0021,6.6428,4662515.0,1368800.0,3298100.0,1773200.0,3293715.0,1524900.0
VALIDATION,Modelo propuesto,67,10583,7091,67.0037,6.8115,4724720.0,1424850.0,3242050.0,1710995.0,3299870.0,1531055.0
VALIDATION,Modelo propuesto,68,10583,7196,67.9958,6.9483,4787640.0,1475000.0,3191900.0,1648075.0,3312640.0,1543825.0
VALIDATION,Modelo propuesto,69,10583,7302,68.9974,7.0939,4850560.0,1528100.0,3138800.0,1585155.0,3322460.0,1553645.0
VALIDATION,Modelo propuesto,70,10583,7408,69.9991,7.1814,4916340.0,1569400.0,3097500.0,1519375.0,3346940.0,1578125.0
VALIDATION,Modelo propuesto,71,10583,7514,71.0007,7.3995,4974970.0,1640200.0,3026700.0,1460745.0,3334770.0,1565955.0
VALIDATION,Modelo propuesto,72,10583,7620,72.0023,7.5459,5037175.0,1696250.0,2970650.0,1398540.0,3340925.0,1572110.0
VALIDATION,Modelo propuesto,73,10583,7726,73.0039,7.6624,5100810.0,1746400.0,2920500.0,1334905.0,3354410.0,1585595.0
VALIDATION,Modelo propuesto,74,10583,7831,73.996,7.8279,5160870.0,1808350.0,2858550.0,1274845.0,3352520.0,1583705.0
VALIDATION,Modelo propuesto,75,10583,7937,74.9976,8.0635,5217355.0,1888000.0,2778900.0,1218360.0,3329355.0,1560540.0
VALIDATION,Modelo propuesto,76,10583,8043,75.9992,8.2432,5276700.0,1955850.0,2711050.0,1159015.0,3320850.0,1552035.0
VALIDATION,Modelo propuesto,77,10583,8149,77.0009,8.3569,5339620.0,2008950.0,2657950.0,1096095.0,3330670.0,1561855.0
VALIDATION,Modelo propuesto,78,10583,8255,78.0025,8.5161,5399680.0,2073850.0,2593050.0,1036035.0,3325830.0,1557015.0
VALIDATION,Modelo propuesto,79,10583,8361,79.0041,8.7191,5456880.0,2150550.0,2516350.0,978835.0,3306330.0,1537515.0
VALIDATION,Modelo propuesto,80,10583,8466,79.9962,8.8826,5515510.0,2218400.0,2448500.0,920205.0,3297110.0,1528295.0
VALIDATION,Modelo propuesto,81,10583,8572,80.9978,9.0177,5576285.0,2280350.0,2386550.0,859430.0,3295935.0,1527120.0
VALIDATION,Modelo propuesto,82,10583,8678,81.9994,9.2072,5633485.0,2357050.0,2309850.0,802230.0,3276435.0,1507620.0
VALIDATION,Modelo propuesto,83,10583,8784,83.001,9.4035,5689970.0,2436700.0,2230200.0,745745.0,3253270.0,1484455.0
VALIDATION,Modelo propuesto,84,10583,8890,84.0026,9.5501,5749315.0,2504550.0,2162350.0,686400.0,3244765.0,1475950.0
VALIDATION,Modelo propuesto,85,10583,8996,85.0043,9.6376,5812235.0,2557650.0,2109250.0,623480.0,3254585.0,1485770.0
VALIDATION,Modelo propuesto,86,10583,9101,85.9964,9.7132,5875155.0,2607800.0,2059100.0,560560.0,3267355.0,1498540.0
VALIDATION,Modelo propuesto,87,10583,9207,86.998,9.9598,5927350.0,2705150.0,1961750.0,508365.0,3222200.0,1453385.0
VALIDATION,Modelo propuesto,88,10583,9313,87.9996,10.2545,5975970.0,2817250.0,1849650.0,459745.0,3158720.0,1389905.0
VALIDATION,Modelo propuesto,89,10583,9419,89.0012,10.5638,6023160.0,2935250.0,1731650.0,412555.0,3087910.0,1319095.0
VALIDATION,Modelo propuesto,90,10583,9525,90.0028,10.8241,6073210.0,3041450.0,1625450.0,362505.0,3031760.0,1262945.0
VALIDATION,Modelo propuesto,91,10583,9631,91.0044,11.0788,6123260.0,3147650.0,1519250.0,312455.0,2975610.0,1206795.0
VALIDATION,Modelo propuesto,92,10583,9736,91.9966,11.288,6175455.0,3242050.0,1424850.0,260260.0,2933405.0,1164590.0
VALIDATION,Modelo propuesto,93,10583,9842,92.9982,11.6135,6219785.0,3371850.0,1295050.0,215930.0,2847935.0,1079120.0
VALIDATION,Modelo propuesto,94,10583,9948,93.9998,11.9119,6265545.0,3495750.0,1171150.0,170170.0,2769795.0,1000980.0
VALIDATION,Modelo propuesto,95,10583,10054,95.0014,12.3135,6303440.0,3652100.0,1014800.0,132275.0,2651340.0,882525.0
VALIDATION,Modelo propuesto,96,10583,10160,96.003,12.7362,6339190.0,3817300.0,849600.0,96525.0,2521890.0,753075.0
VALIDATION,Modelo propuesto,97,10583,10266,97.0046,13.1989,6371365.0,3997250.0,669650.0,64350.0,2374115.0,605300.0
VALIDATION,Modelo propuesto,98,10583,10371,97.9968,13.7402,6396390.0,4203750.0,463150.0,39325.0,2192640.0,423825.0
VALIDATION,Modelo propuesto,99,10583,10477,98.9984,14.3171,6418555.0,4425000.0,241900.0,17160.0,1993555.0,224740.0
VALIDATION,Modelo propuesto,100,10583,10583,100.0,14.9485,6435715.0,4666900.0,0.0,0.0,1768815.0,0.0
VALIDATION,Modelo banco,40,10583,4233,39.9981,6.284,2836405.0,784700.0,3882200.0,3599310.0,2051705.0,282890.0
VALIDATION,Modelo banco,41,10583,4339,40.9997,6.4761,2901470.0,828950.0,3837950.0,3534245.0,2072520.0,303705.0
VALIDATION,Modelo banco,42,10583,4445,42.0013,6.5917,2968680.0,864350.0,3802550.0,3467035.0,2104330.0,335515.0
VALIDATION,Modelo banco,43,10583,4551,43.0029,6.6579,3037320.0,893850.0,3773050.0,3398395.0,2143470.0,374655.0
VALIDATION,Modelo banco,44,10583,4657,44.0045,6.6996,3106675.0,920400.0,3746500.0,3329040.0,2186275.0,417460.0
VALIDATION,Modelo banco,45,10583,4762,44.9967,6.8039,3173170.0,955800.0,3711100.0,3262545.0,2217370.0,448555.0
VALIDATION,Modelo banco,46,10583,4868,45.9983,7.0049,3236805.0,1005950.0,3660950.0,3198910.0,2230855.0,462040.0
VALIDATION,Modelo banco,47,10583,4974,46.9999,7.1572,3301870.0,1050200.0,3616700.0,3133845.0,2251670.0,482855.0
VALIDATION,Modelo banco,48,10583,5080,48.0015,7.3622,3364790.0,1103300.0,3563600.0,3070925.0,2261490.0,492675.0
VALIDATION,Modelo banco,49,10583,5186,49.0031,7.4238,3432715.0,1135750.0,3531150.0,3003000.0,2296965.0,528150.0
VALIDATION,Modelo banco,50,10583,5292,50.0047,7.5586,3497780.0,1180000.0,3486900.0,2937935.0,2317780.0,548965.0
VALIDATION,Modelo banco,51,10583,5397,50.9969,7.6524,3563560.0,1218350.0,3448550.0,2872155.0,2345210.0,576395.0
VALIDATION,Modelo banco,52,10583,5503,51.9985,7.7594,3629340.0,1259650.0,3407250.0,2806375.0,2369690.0,600875.0
VALIDATION,Modelo banco,53,10583,5609,53.0001,7.9337,3692260.0,1312750.0,3354150.0,2743455.0,2379510.0,610695.0
VALIDATION,Modelo banco,54,10583,5715,54.0017,8.0315,3758040.0,1354050.0,3312850.0,2677675.0,2403990.0,635175.0
VALIDATION,Modelo banco,55,10583,5821,55.0033,8.2288,3819530.0,1413050.0,3253850.0,2616185.0,2406480.0,637665.0
VALIDATION,Modelo banco,56,10583,5926,55.9955,8.353,3883165.0,1460250.0,3206650.0,2552550.0,2422915.0,654100.0
VALIDATION,Modelo banco,57,10583,6032,56.9971,8.4218,3949660.0,1498600.0,3168300.0,2486055.0,2451060.0,682245.0
VALIDATION,Modelo banco,58,10583,6138,57.9987,8.4555,4017585.0,1531050.0,3135850.0,2418130.0,2486535.0,717720.0
VALIDATION,Modelo banco,59,10583,6244,59.0003,8.5522,4082650.0,1575300.0,3091600.0,2353065.0,2507350.0,738535.0
VALIDATION,Modelo banco,60,10583,6350,60.0019,8.7087,4144855.0,1631350.0,3035550.0,2290860.0,2513505.0,744690.0
VALIDATION,Modelo banco,61,10583,6456,61.0035,8.798,4209920.0,1675600.0,2991300.0,2225795.0,2534320.0,765505.0
VALIDATION,Modelo banco,62,10583,6561,61.9957,8.9163,4272840.0,1725750.0,2941150.0,2162875.0,2547090.0,778275.0
VALIDATION,Modelo banco,63,10583,6667,62.9973,8.9996,4337905.0,1770000.0,2896900.0,2097810.0,2567905.0,799090.0
VALIDATION,Modelo banco,64,10583,6773,63.9989,9.1245,4400825.0,1823100.0,2843800.0,2034890.0,2577725.0,808910.0
VALIDATION,Modelo banco,65,10583,6879,65.0005,9.2601,4463030.0,1879150.0,2787750.0,1972685.0,2583880.0,815065.0
VALIDATION,Modelo banco,66,10583,6985,66.0021,9.3772,4525950.0,1932250.0,2734650.0,1909765.0,2593700.0,824885.0
VALIDATION,Modelo banco,67,10583,7091,67.0037,9.3922,4593875.0,1964700.0,2702200.0,1841840.0,2629175.0,860360.0
VALIDATION,Modelo banco,68,10583,7196,67.9958,9.5053,4656080.0,2017800.0,2649100.0,1779635.0,2638280.0,869465.0
VALIDATION,Modelo banco,69,10583,7302,68.9974,9.6686,4716140.0,2082700.0,2584200.0,1719575.0,2633440.0,864625.0
VALIDATION,Modelo banco,70,10583,7408,69.9991,9.7732,4779060.0,2135800.0,2531100.0,1656655.0,2643260.0,874445.0
VALIDATION,Modelo banco,71,10583,7514,71.0007,9.9015,4840550.0,2194800.0,2472100.0,1595165.0,2645750.0,876935.0
VALIDATION,Modelo banco,72,10583,7620,72.0023,9.9213,4907760.0,2230200.0,2436700.0,1527955.0,2677560.0,908745.0
VALIDATION,Modelo banco,73,10583,7726,73.0039,10.044,4969250.0,2289200.0,2377700.0,1466465.0,2680050.0,911235.0
VALIDATION,Modelo banco,74,10583,7831,73.996,10.2413,5025735.0,2365900.0,2301000.0,1409980.0,2659835.0,891020.0
VALIDATION,Modelo banco,75,10583,7937,74.9976,10.407,5084365.0,2436700.0,2230200.0,1351350.0,2647665.0,878850.0
VALIDATION,Modelo banco,76,10583,8043,75.9992,10.5433,5144425.0,2501600.0,2165300.0,1291290.0,2642825.0,874010.0
VALIDATION,Modelo banco,77,10583,8149,77.0009,10.7007,5203055.0,2572400.0,2094500.0,1232660.0,2630655.0,861840.0
VALIDATION,Modelo banco,78,10583,8255,78.0025,10.8056,5264545.0,2631400.0,2035500.0,1171170.0,2633145.0,864330.0
VALIDATION,Modelo banco,79,10583,8361,79.0041,10.9437,5323890.0,2699250.0,1967650.0,1111825.0,2624640.0,855825.0
VALIDATION,Modelo banco,80,10583,8466,79.9962,11.0324,5385380.0,2755300.0,1911600.0,1050335.0,2630080.0,861265.0
VALIDATION,Modelo banco,81,10583,8572,80.9978,11.1176,5447585.0,2811350.0,1855550.0,988130.0,2636235.0,867420.0
VALIDATION,Modelo banco,82,10583,8678,81.9994,11.3505,5500495.0,2905750.0,1761150.0,935220.0,2594745.0,825930.0
VALIDATION,Modelo banco,83,10583,8784,83.001,11.4754,5559840.0,2973600.0,1693300.0,875875.0,2586240.0,817425.0
VALIDATION,Modelo banco,84,10583,8890,84.0026,11.5861,5619900.0,3038500.0,1628400.0,815815.0,2581400.0,812585.0
VALIDATION,Modelo banco,85,10583,8996,85.0043,11.6274,5684250.0,3085700.0,1581200.0,751465.0,2598550.0,829735.0
VALIDATION,Modelo banco,86,10583,9101,85.9964,11.7789,5740735.0,3162400.0,1504500.0,694980.0,2578335.0,809520.0
VALIDATION,Modelo banco,87,10583,9207,86.998,11.8714,5801510.0,3224350.0,1442550.0,634205.0,2577160.0,808345.0
VALIDATION,Modelo banco,88,10583,9313,87.9996,11.9832,5860855.0,3292200.0,1374700.0,574860.0,2568655.0,799840.0
VALIDATION,Modelo banco,89,10583,9419,89.0012,12.1244,5918055.0,3368900.0,1298000.0,517660.0,2549155.0,780340.0
VALIDATION,Modelo banco,90,10583,9525,90.0028,12.273,5974540.0,3448550.0,1218350.0,461175.0,2525990.0,757175.0
VALIDATION,Modelo banco,91,10583,9631,91.0044,12.4078,6031740.0,3525250.0,1141650.0,403975.0,2506490.0,737675.0
VALIDATION,Modelo banco,92,10583,9736,91.9966,12.5924,6084650.0,3616700.0,1050200.0,351065.0,2467950.0,699135.0
VALIDATION,Modelo banco,93,10583,9842,92.9982,12.8124,6135415.0,3719950.0,946950.0,300300.0,2415465.0,646650.0
VALIDATION,Modelo banco,94,10583,9948,93.9998,13.0277,6186180.0,3823200.0,843700.0,249535.0,2362980.0,594165.0
VALIDATION,Modelo banco,95,10583,10054,95.0014,13.2087,6239090.0,3917600.0,749300.0,196625.0,2321490.0,552675.0
VALIDATION,Modelo banco,96,10583,10160,96.003,13.4744,6285565.0,4038550.0,628350.0,150150.0,2247015.0,478200.0
VALIDATION,Modelo banco,97,10583,10266,97.0046,13.7834,6328465.0,4174250.0,492650.0,107250.0,2154215.0,385400.0
VALIDATION,Modelo banco,98,10583,10371,97.9968,14.097,6369935.0,4312900.0,354000.0,65780.0,2057035.0,288220.0
VALIDATION,Modelo banco,99,10583,10477,98.9984,14.4602,6407830.0,4469250.0,197650.0,27885.0,1938580.0,169765.0
VALIDATION,Modelo banco,100,10583,10581,99.9811,14.9513,6434285.0,4666900.0,0.0,1430.0,1767385.0,-1430.0
OOT,Modelo propuesto,40,10955,4382,40.0,3.8567,3012295.0,498550.0,4068050.0,3713710.0,2513745.0,354340.0
OOT,Modelo propuesto,41,10955,4492,41.0041,3.8958,3086655.0,516250.0,4050350.0,3639350.0,2570405.0,411000.0
OOT,Modelo propuesto,42,10955,4601,41.9991,3.9557,3159585.0,536900.0,4029700.0,3566420.0,2622685.0,463280.0
OOT,Modelo propuesto,43,10955,4711,43.0032,4.2029,3226795.0,584100.0,3982500.0,3499210.0,2642695.0,483290.0
OOT,Modelo propuesto,44,10955,4820,43.9982,4.2946,3298295.0,610650.0,3955950.0,3427710.0,2687645.0,528240.0
OOT,Modelo propuesto,45,10955,4930,45.0023,4.2799,3374085.0,622450.0,3944150.0,3351920.0,2751635.0,592230.0
OOT,Modelo propuesto,46,10955,5039,45.9973,4.2866,3448445.0,637200.0,3929400.0,3277560.0,2811245.0,651840.0
OOT,Modelo propuesto,47,10955,5149,47.0014,4.2921,3523520.0,651950.0,3914650.0,3202485.0,2871570.0,712165.0
OOT,Modelo propuesto,48,10955,5258,47.9963,4.2412,3600025.0,657850.0,3908750.0,3125980.0,2942175.0,782770.0
OOT,Modelo propuesto,49,10955,5368,49.0005,4.2846,3673670.0,678500.0,3888100.0,3052335.0,2995170.0,835765.0
OOT,Modelo propuesto,50,10955,5478,50.0046,4.3447,3746600.0,702100.0,3864500.0,2979405.0,3044500.0,885095.0
OOT,Modelo propuesto,51,10955,5587,50.9995,4.4389,3817385.0,731600.0,3835000.0,2908620.0,3085785.0,926380.0
OOT,Modelo propuesto,52,10955,5697,52.0037,4.4234,3893175.0,743400.0,3823200.0,2832830.0,3149775.0,990370.0
OOT,Modelo propuesto,53,10955,5806,52.9986,4.5126,3963960.0,772900.0,3793700.0,2762045.0,3191060.0,1031655.0
OOT,Modelo propuesto,54,10955,5916,54.0027,4.5808,4036175.0,799450.0,3767150.0,2689830.0,3236725.0,1077320.0
OOT,Modelo propuesto,55,10955,6025,54.9977,4.6473,4107675.0,826000.0,3740600.0,2618330.0,3281675.0,1122270.0
OOT,Modelo propuesto,56,10955,6135,56.0018,4.8085,4175600.0,870250.0,3696350.0,2550405.0,3305350.0,1145945.0
OOT,Modelo propuesto,57,10955,6244,56.9968,4.8687,4247100.0,896800.0,3669800.0,2478905.0,3350300.0,1190895.0
OOT,Modelo propuesto,58,10955,6354,58.0009,4.9732,4317170.0,932200.0,3634400.0,2408835.0,3384970.0,1225565.0
OOT,Modelo propuesto,59,10955,6463,58.9959,5.1215,4384380.0,976450.0,3590150.0,2341625.0,3407930.0,1248525.0
OOT,Modelo propuesto,60,10955,6573,60.0,5.2183,4454450.0,1011850.0,3554750.0,2271555.0,3442600.0,1283195.0
OOT,Modelo propuesto,61,10955,6683,61.0041,5.312,4524520.0,1047250.0,3519350.0,2201485.0,3477270.0,1317865.0
OOT,Modelo propuesto,62,10955,6792,61.9991,5.4329,4592445.0,1088550.0,3478050.0,2133560.0,3503895.0,1344490.0
OOT,Modelo propuesto,63,10955,6902,63.0032,5.5346,4661800.0,1126900.0,3439700.0,2064205.0,3534900.0,1375495.0
OOT,Modelo propuesto,64,10955,7011,63.9982,5.6625,4729010.0,1171150.0,3395450.0,1996995.0,3557860.0,1398455.0
OOT,Modelo propuesto,65,10955,7121,65.0023,5.7857,4796935.0,1215400.0,3351200.0,1929070.0,3581535.0,1422130.0
OOT,Modelo propuesto,66,10955,7230,65.9973,5.8921,4864860.0,1256700.0,3309900.0,1861145.0,3608160.0,1448755.0
OOT,Modelo propuesto,67,10955,7340,67.0014,6.0763,4929210.0,1315700.0,3250900.0,1796795.0,3613510.0,1454105.0
OOT,Modelo propuesto,68,10955,7449,67.9963,6.229,4994275.0,1368800.0,3197800.0,1731730.0,3625475.0,1466070.0
OOT,Modelo propuesto,69,10955,7559,69.0005,6.3236,5062915.0,1410100.0,3156500.0,1663090.0,3652815.0,1493410.0
OOT,Modelo propuesto,70,10955,7668,69.9954,6.4424,5129410.0,1457300.0,3109300.0,1596595.0,3672110.0,1512705.0
OOT,Modelo propuesto,71,10955,7778,70.9995,6.5955,5194475.0,1513350.0,3053250.0,1531530.0,3681125.0,1521720.0
OOT,Modelo propuesto,72,10955,7888,72.0037,6.7317,5260255.0,1566450.0,3000150.0,1465750.0,3693805.0,1534400.0
OOT,Modelo propuesto,73,10955,7997,72.9986,6.9276,5321745.0,1634300.0,2932300.0,1404260.0,3687445.0,1528040.0
OOT,Modelo propuesto,74,10955,8107,74.0027,7.0433,5388240.0,1684450.0,2882150.0,1337765.0,3703790.0,1544385.0
OOT,Modelo propuesto,75,10955,8216,74.9977,7.2663,5447585.0,1761150.0,2805450.0,1278420.0,3686435.0,1527030.0
OOT,Modelo propuesto,76,10955,8326,76.0018,7.4345,5510505.0,1826050.0,2740550.0,1215500.0,3684455.0,1525050.0
OOT,Modelo propuesto,77,10955,8435,76.9968,7.5044,5578430.0,1867350.0,2699250.0,1147575.0,3711080.0,1551675.0
OOT,Modelo propuesto,78,10955,8545,78.0009,7.6419,5642780.0,1926350.0,2640250.0,1083225.0,3716430.0,1557025.0
OOT,Modelo propuesto,79,10955,8654,78.9959,7.7421,5708560.0,1976500.0,2590100.0,1017445.0,3732060.0,1572655.0
OOT,Modelo propuesto,80,10955,8764,80.0,7.8959,5771480.0,2041400.0,2525200.0,954525.0,3730080.0,1570675.0
OOT,Modelo propuesto,81,10955,8874,81.0041,8.0347,5835115.0,2103350.0,2463250.0,890890.0,3731765.0,1572360.0
OOT,Modelo propuesto,82,10955,8983,81.9991,8.171,5898035.0,2165300.0,2401300.0,827970.0,3732735.0,1573330.0
OOT,Modelo propuesto,83,10955,9093,83.0032,8.3801,5956665.0,2247900.0,2318700.0,769340.0,3708765.0,1549360.0
OOT,Modelo propuesto,84,10955,9202,83.9982,8.5416,6017440.0,2318700.0,2247900.0,708565.0,3698740.0,1539335.0
OOT,Modelo propuesto,85,10955,9312,85.0023,8.6662,6081075.0,2380650.0,2185950.0,644930.0,3700425.0,1541020.0
OOT,Modelo propuesto,86,10955,9421,85.9973,8.9269,6134700.0,2480950.0,2085650.0,591305.0,3653750.0,1494345.0
OOT,Modelo propuesto,87,10955,9531,87.0014,9.1701,6189755.0,2578300.0,1988300.0,536250.0,3611455.0,1452050.0
OOT,Modelo propuesto,88,10955,9640,87.9963,9.4398,6241950.0,2684500.0,1882100.0,484055.0,3557450.0,1398045.0
OOT,Modelo propuesto,89,10955,9750,89.0005,9.6821,6296290.0,2784800.0,1781800.0,429715.0,3511490.0,1352085.0
OOT,Modelo propuesto,90,10955,9860,90.0046,9.9899,6345625.0,2905750.0,1660850.0,380380.0,3439875.0,1280470.0
OOT,Modelo propuesto,91,10955,9969,90.9995,10.2417,6397820.0,3011950.0,1554650.0,328185.0,3385870.0,1226465.0
OOT,Modelo propuesto,92,10955,10079,92.0037,10.507,6449300.0,3124050.0,1442550.0,276705.0,3325250.0,1165845.0
OOT,Modelo propuesto,93,10955,10188,92.9986,10.8755,6492200.0,3268600.0,1298000.0,233805.0,3223600.0,1064195.0
OOT,Modelo propuesto,94,10955,10298,94.0027,11.2158,6537245.0,3407250.0,1159350.0,188760.0,3129995.0,970590.0
OOT,Modelo propuesto,95,10955,10407,94.9977,11.5211,6583720.0,3537050.0,1029550.0,142285.0,3046670.0,887265.0
OOT,Modelo propuesto,96,10955,10517,96.0018,11.9236,6623045.0,3699300.0,867300.0,102960.0,2923745.0,764340.0
OOT,Modelo propuesto,97,10955,10626,96.9968,12.3659,6658080.0,3876300.0,690300.0,67925.0,2781780.0,622375.0
OOT,Modelo propuesto,98,10955,10736,98.0009,12.9005,6685965.0,4085750.0,480850.0,40040.0,2600215.0,440810.0
OOT,Modelo propuesto,99,10955,10845,98.9959,13.4532,6710990.0,4304050.0,262550.0,15015.0,2406940.0,247535.0
OOT,Modelo propuesto,100,10955,10955,100.0,14.1305,6726005.0,4566600.0,0.0,0.0,2159405.0,0.0
OOT,Modelo banco,40,10955,4382,40.0,5.6823,2955095.0,734550.0,3832050.0,3770910.0,2220545.0,61140.0
OOT,Modelo banco,41,10955,4492,41.0041,5.7213,3028025.0,758150.0,3808450.0,3697980.0,2269875.0,110470.0
OOT,Modelo banco,42,10955,4601,41.9991,5.89,3095950.0,799450.0,3767150.0,3630055.0,2296500.0,137095.0
OOT,Modelo banco,43,10955,4711,43.0032,6.0497,3164590.0,840750.0,3725850.0,3561415.0,2323840.0,164435.0
OOT,Modelo banco,44,10955,4820,43.9982,6.0373,3238235.0,858450.0,3708150.0,3487770.0,2379785.0,220380.0
OOT,Modelo banco,45,10955,4930,45.0023,6.1055,3309735.0,887950.0,3678650.0,3416270.0,2421785.0,262380.0
OOT,Modelo banco,46,10955,5039,45.9973,6.2512,3377660.0,929250.0,3637350.0,3348345.0,2448410.0,289005.0
OOT,Modelo banco,47,10955,5149,47.0014,6.3702,3447015.0,967600.0,3599000.0,3278990.0,2479415.0,320010.0
OOT,Modelo banco,48,10955,5258,47.9963,6.4854,3515655.0,1005950.0,3560650.0,3210350.0,2509705.0,350300.0
OOT,Modelo banco,49,10955,5368,49.0005,6.576,3585725.0,1041350.0,3525250.0,3140280.0,2544375.0,384970.0
OOT,Modelo banco,50,10955,5478,50.0046,6.663,3655795.0,1076750.0,3489850.0,3070210.0,2579045.0,419640.0
OOT,Modelo banco,51,10955,5587,50.9995,6.8194,3722290.0,1123950.0,3442650.0,3003715.0,2598340.0,438935.0
OOT,Modelo banco,52,10955,5697,52.0037,6.9335,3790930.0,1165250.0,3401350.0,2935075.0,2625680.0,466275.0
OOT,Modelo banco,53,10955,5806,52.9986,7.0272,3859570.0,1203600.0,3363000.0,2866435.0,2655970.0,496565.0
OOT,Modelo banco,54,10955,5916,54.0027,7.0487,3931785.0,1230150.0,3336450.0,2794220.0,2701635.0,542230.0
OOT,Modelo banco,55,10955,6025,54.9977,7.1369,4000425.0,1268500.0,3298100.0,2725580.0,2731925.0,572520.0
OOT,Modelo banco,56,10955,6135,56.0018,7.1883,4071210.0,1300950.0,3265650.0,2654795.0,2770260.0,610855.0
OOT,Modelo banco,57,10955,6244,56.9968,7.255,4140565.0,1336350.0,3230250.0,2585440.0,2804215.0,644810.0
OOT,Modelo banco,58,10955,6354,58.0009,7.3969,4207060.0,1386500.0,3180100.0,2518945.0,2820560.0,661155.0
OOT,Modelo banco,59,10955,6463,58.9959,7.5043,4274270.0,1430750.0,3135850.0,2451735.0,2843520.0,684115.0
OOT,Modelo banco,60,10955,6573,60.0,7.6982,4337905.0,1492700.0,3073900.0,2388100.0,2845205.0,685800.0
OOT,Modelo banco,61,10955,6683,61.0041,7.8109,4405115.0,1539900.0,3026700.0,2320890.0,2865215.0,705810.0
OOT,Modelo banco,62,10955,6792,61.9991,7.8622,4474470.0,1575300.0,2991300.0,2251535.0,2899170.0,739765.0
OOT,Modelo banco,63,10955,6902,63.0032,8.0411,4538105.0,1637250.0,2929350.0,2187900.0,2900855.0,741450.0
OOT,Modelo banco,64,10955,7011,63.9982,8.1443,4604600.0,1684450.0,2882150.0,2121405.0,2920150.0,760745.0
OOT,Modelo banco,65,10955,7121,65.0023,8.2292,4672525.0,1728700.0,2837900.0,2053480.0,2943825.0,784420.0
OOT,Modelo banco,66,10955,7230,65.9973,8.3402,4738305.0,1778850.0,2787750.0,1987700.0,2959455.0,800050.0
OOT,Modelo banco,67,10955,7340,67.0014,8.5286,4800510.0,1846700.0,2719900.0,1925495.0,2953810.0,794405.0
OOT,Modelo banco,68,10955,7449,67.9963,8.5515,4870580.0,1879150.0,2687450.0,1855425.0,2991430.0,832025.0
OOT,Modelo banco,69,10955,7559,69.0005,8.6387,4937790.0,1926350.0,2640250.0,1788215.0,3011440.0,852035.0
OOT,Modelo banco,70,10955,7668,69.9954,8.8159,4999280.0,1994200.0,2572400.0,1726725.0,3005080.0,845675.0
OOT,Modelo banco,71,10955,7778,70.9995,8.9097,5065775.0,2044350.0,2522250.0,1660230.0,3021425.0,862020.0
OOT,Modelo banco,72,10955,7888,72.0037,9.0898,5127265.0,2115150.0,2451450.0,1598740.0,3012115.0,852710.0
OOT,Modelo banco,73,10955,7997,72.9986,9.216,5190900.0,2174150.0,2392450.0,1535105.0,3016750.0,857345.0
OOT,Modelo banco,74,10955,8107,74.0027,9.3129,5256680.0,2227250.0,2339350.0,1469325.0,3029430.0,870025.0
OOT,Modelo banco,75,10955,8216,74.9977,9.4572,5318885.0,2292150.0,2274450.0,1407120.0,3026735.0,867330.0
OOT,Modelo banco,76,10955,8326,76.0018,9.5964,5381805.0,2357050.0,2209550.0,1344200.0,3024755.0,865350.0
OOT,Modelo banco,77,10955,8435,76.9968,9.7333,5444010.0,2421950.0,2144650.0,1281995.0,3022060.0,862655.0
OOT,Modelo banco,78,10955,8545,78.0009,9.8654,5506930.0,2486850.0,2079750.0,1219075.0,3020080.0,860675.0
OOT,Modelo banco,79,10955,8654,78.9959,9.9954,5569135.0,2551750.0,2014850.0,1156870.0,3017385.0,857980.0
OOT,Modelo banco,80,10955,8764,80.0,10.1324,5631340.0,2619600.0,1947000.0,1094665.0,3011740.0,852335.0
OOT,Modelo banco,81,10955,8874,81.0041,10.2547,5694260.0,2684500.0,1882100.0,1031745.0,3009760.0,850355.0
OOT,Modelo banco,82,10955,8983,81.9991,10.3863,5755750.0,2752350.0,1814250.0,970255.0,3003400.0,843995.0
OOT,Modelo banco,83,10955,9093,83.0032,10.5136,5817955.0,2820200.0,1746400.0,908050.0,2997755.0,838350.0
OOT,Modelo banco,84,10955,9202,83.9982,10.6064,5881590.0,2879200.0,1687400.0,844415.0,3002390.0,842985.0
OOT,Modelo banco,85,10955,9312,85.0023,10.6959,5945940.0,2938200.0,1628400.0,780065.0,3007740.0,848335.0
OOT,Modelo banco,86,10955,9421,85.9973,10.8375,6006000.0,3011950.0,1554650.0,720005.0,2994050.0,834645.0
OOT,Modelo banco,87,10955,9531,87.0014,11.0691,6060340.0,3112250.0,1454350.0,665665.0,2948090.0,788685.0
OOT,Modelo banco,88,10955,9640,87.9963,11.1618,6123260.0,3174200.0,1392400.0,602745.0,2949060.0,789655.0
OOT,Modelo banco,89,10955,9750,89.0005,11.2103,6189755.0,3224350.0,1342250.0,536250.0,2965405.0,806000.0
OOT,Modelo banco,90,10955,9860,90.0046,11.4706,6241235.0,3336450.0,1230150.0,484770.0,2904785.0,745380.0
OOT,Modelo banco,91,10955,9969,90.9995,11.6862,6294860.0,3436750.0,1129850.0,431145.0,2858110.0,698705.0
OOT,Modelo banco,92,10955,10079,92.0037,11.8464,6352775.0,3522300.0,1044300.0,373230.0,2830475.0,671070.0
OOT,Modelo banco,93,10955,10188,92.9986,12.0828,6404255.0,3631450.0,935150.0,321750.0,2772805.0,613400.0
OOT,Modelo banco,94,10955,10298,94.0027,12.2936,6457880.0,3734700.0,831900.0,268125.0,2723180.0,563775.0
OOT,Modelo banco,95,10955,10407,94.9977,12.482,6512220.0,3832050.0,734550.0,213785.0,2680170.0,520765.0
OOT,Modelo banco,96,10955,10517,96.0018,12.6367,6569420.0,3920550.0,646050.0,156585.0,2648870.0,489465.0
OOT,Modelo banco,97,10955,10626,96.9968,12.9305,6615180.0,4053300.0,513300.0,110825.0,2561880.0,402475.0
OOT,Modelo banco,98,10955,10736,98.0009,13.2358,6660225.0,4191950.0,374650.0,65780.0,2468275.0,308870.0
OOT,Modelo banco,99,10955,10845,98.9959,13.5639,6702410.0,4339450.0,227150.0,23595.0,2362960.0,203555.0
OOT,Modelo banco,100,10955,10955,100.0,14.1305,6726005.0,4566600.0,0.0,0.0,2159405.0,0.0
