muestra,escenario,n,aprobados,aprobacion_pct,tasa_malos_aprobados_pct,ganancia_buenos,perdida_malos,perdida_evitada,ganancia_sacrificada,utilidad_neta,ahorro_vs_actual,umbral_pd,utilidad_neta_por_1000,ahorro_vs_banco
VALIDATION,A. Situación actual (aprobar a todos),10583,10583,100.0,14.9485,6435715.0,4666900.0,0.0,0.0,1768815.0,0.0,,167137.3902,-882610.0
VALIDATION,B. Modelo del banco (igual volumen),10583,7891,74.563,10.3409,5058625.0,2407200.0,2259700.0,1377090.0,2651425.0,882610.0,,250536.2374,0.0
VALIDATION,C. Modelo propuesto PD < 20%,10583,7891,74.563,8.0218,5189470.0,1867350.0,2799550.0,1246245.0,3322120.0,1553305.0,0.2,313910.9893,670695.0
VALIDATION,D. Óptimo económico (elegido en VALIDATION: 73% aprob.),10583,7725,72.9944,7.6634,5100095.0,1746400.0,2920500.0,1335620.0,3353695.0,1584880.0,0.192,316894.5479,702270.0
VALIDATION,E. 90% de aprobación (umbral de VALIDATION),10583,9524,89.9934,10.8253,6072495.0,3041450.0,1625450.0,363220.0,3031045.0,1262230.0,0.3698,286406.9734,379620.0
VALIDATION,F. 80% de aprobación (umbral de VALIDATION),10583,8466,79.9962,8.8826,5515510.0,2218400.0,2448500.0,920205.0,3297110.0,1528295.0,0.2346,311547.7653,645685.0
OOT,A. Situación actual (aprobar a todos),10955,10955,100.0,14.1305,6726005.0,4566600.0,0.0,0.0,2159405.0,0.0,,197115.9288,-868870.0
OOT,B. Modelo del banco (igual volumen),10955,8049,73.4733,9.2434,5223075.0,2194800.0,2371800.0,1502930.0,3028275.0,868870.0,,276428.5714,0.0
OOT,C. Modelo propuesto PD < 20%,10955,8049,73.4733,6.9574,5354635.0,1652000.0,2914600.0,1371370.0,3702635.0,1543230.0,0.2,337985.8512,674360.0
OOT,D. Óptimo económico (elegido en VALIDATION: 73% aprob.),10955,7867,71.812,6.7116,5247385.0,1557600.0,3009000.0,1478620.0,3689785.0,1530380.0,0.192,336812.8708,661510.0
OOT,E. 90% de aprobación (umbral de VALIDATION),10955,9760,89.0917,9.7131,6300580.0,2796600.0,1770000.0,425425.0,3503980.0,1344575.0,0.3698,319852.1223,475705.0
OOT,F. 80% de aprobación (umbral de VALIDATION),10955,8634,78.8133,7.7021,5697835.0,1961750.0,2604850.0,1028170.0,3736085.0,1576680.0,0.2346,341039.2515,707810.0
