CODMES,muestra,n,malos,gini_woe,gini_catboost,gini_banco,gini_woe_ic95_inf,gini_woe_ic95_sup,gini_catboost_ic95_inf,gini_catboost_ic95_sup,gini_banco_ic95_inf,gini_banco_ic95_sup
202306,TRAIN,4340,642,0.5606,0.7076,0.4618,0.5263,0.5978,0.6775,0.7366,0.4247,0.5015
202307,TRAIN,4436,687,0.6075,0.7472,0.5266,0.5752,0.6437,0.7168,0.776,0.4884,0.5642
202308,TRAIN,4595,729,0.5986,0.734,0.4891,0.5638,0.6359,0.6999,0.7638,0.4461,0.5291
202309,TRAIN,4742,757,0.6298,0.7495,0.5188,0.5929,0.663,0.7207,0.7783,0.4822,0.5568
202310,TRAIN,4875,777,0.6044,0.7277,0.4693,0.5749,0.6383,0.6997,0.7545,0.4304,0.5049
202311,TRAIN,5042,829,0.5988,0.7142,0.4548,0.563,0.6337,0.6806,0.7432,0.4171,0.4918
202312,TRAIN,5179,884,0.6029,0.7273,0.452,0.5688,0.6349,0.6945,0.7556,0.4145,0.4872
202401,TRAIN,5253,856,0.5871,0.7052,0.4454,0.5506,0.6195,0.6727,0.7311,0.4049,0.4788
202402,VALIDATION,5263,802,0.579,0.6185,0.4092,0.5421,0.6137,0.5839,0.6508,0.3681,0.4456
202403,VALIDATION,5320,780,0.5848,0.614,0.432,0.5523,0.6173,0.5839,0.6468,0.3967,0.4669
202404,OOT,5425,771,0.5953,0.6104,0.4266,0.5606,0.6257,0.5743,0.643,0.3872,0.4657
202405,OOT,5530,777,0.5909,0.6087,0.4618,0.556,0.623,0.5723,0.6412,0.4227,0.5018
