muestra,variable,iv,orden,bin,etiqueta,especial,clientes,bad_rate,clientes_artefacto,bad_rate_artefacto
OOT,DEUDA_PROMEDIO_SSFF,0.0315,1,"[-inf,4000.0)",< 4000,False,4205,0.1596,,
OOT,DEUDA_PROMEDIO_SSFF,0.0315,2,"[4000.0,8000.0)",4000–8000,False,1801,0.1349,,
OOT,DEUDA_PROMEDIO_SSFF,0.0315,3,"[8000.0,80000.0)",8000–80000,False,4262,0.1267,,
OOT,DEUDA_PROMEDIO_SSFF,0.0315,4,"[80000.0,inf)",≥ 80000,False,588,0.1327,,
OOT,DEUDA_PROMEDIO_SSFF,0.0315,100,missing,Sin dato,True,99,0.1616,,
OOT,MEDIDA1_ANTIGUEDAD_SSFF,0.0442,1,"[-inf,24.0)",< 24,False,1894,0.1911,,
OOT,MEDIDA1_ANTIGUEDAD_SSFF,0.0442,2,"[24.0,53.0)",24–53,False,2157,0.1604,,
OOT,MEDIDA1_ANTIGUEDAD_SSFF,0.0442,3,"[53.0,inf)",≥ 53,False,6826,0.1213,,
OOT,MEDIDA1_ANTIGUEDAD_SSFF,0.0442,100,missing,Sin dato,True,78,0.1538,,
OOT,MEDIDA1_APALANCAMIENTO_INTERNO_U6M,0.0839,0,"[-inf,0.32)",< 0.32,False,649,0.0478,,
OOT,MEDIDA1_APALANCAMIENTO_INTERNO_U6M,0.0839,1,"[0.32,0.58)",0.32–0.58,False,1759,0.1228,,
OOT,MEDIDA1_APALANCAMIENTO_INTERNO_U6M,0.0839,2,"[0.58,0.8)",0.58–0.8,False,3122,0.1387,,
OOT,MEDIDA1_APALANCAMIENTO_INTERNO_U6M,0.0839,3,"[0.8,inf)",≥ 0.8,False,5425,0.16,,
OOT,MEDIDA1_APALANCAMIENTO_SSFF_U36M,0.1197,1,"[-inf,0.26)",< 0.26,False,905,0.0707,,
OOT,MEDIDA1_APALANCAMIENTO_SSFF_U36M,0.1197,2,"[0.26,0.64)",0.26–0.64,False,3172,0.104,,
OOT,MEDIDA1_APALANCAMIENTO_SSFF_U36M,0.1197,3,"[0.64,0.86)",0.64–0.86,False,3150,0.1543,,
OOT,MEDIDA1_APALANCAMIENTO_SSFF_U36M,0.1197,4,"[0.86,inf)",≥ 0.86,False,3422,0.1835,,
OOT,MEDIDA1_APALANCAMIENTO_SSFF_U36M,0.1197,100,missing,Sin dato,True,306,0.1307,,
OOT,MEDIDA1_CALIFICACION_SSFF_U60M,0.1154,1,"[-inf,1.0)",< 1,False,6213,0.1086,,
OOT,MEDIDA1_CALIFICACION_SSFF_U60M,0.1154,2,"[1.0,4.0)",1–4,False,3195,0.1787,,
OOT,MEDIDA1_CALIFICACION_SSFF_U60M,0.1154,3,"[4.0,inf)",≥ 4,False,1469,0.1974,,
OOT,MEDIDA1_CALIFICACION_SSFF_U60M,0.1154,100,missing,Sin dato,True,78,0.1538,,
OOT,MEDIDA1_DESAPALANCAMIENTO_INTERNO_U12M,0.1229,1,"[-inf,5.0)",< 5,False,4453,0.1754,,
OOT,MEDIDA1_DESAPALANCAMIENTO_INTERNO_U12M,0.1229,2,"[5.0,7.0)",5–7,False,2614,0.1385,,
OOT,MEDIDA1_DESAPALANCAMIENTO_INTERNO_U12M,0.1229,3,"[7.0,10.0)",7–10,False,2077,0.116,,
OOT,MEDIDA1_DESAPALANCAMIENTO_INTERNO_U12M,0.1229,4,"[10.0,inf)",≥ 10,False,1306,0.072,,
OOT,MEDIDA1_DESAPALANCAMIENTO_INTERNO_U12M,0.1229,100,missing,Sin dato,True,505,0.1386,,
OOT,MEDIDA1_DESAPALANCAMIENTO_SSFF_U12M,0.1295,0,"[-inf,9.0)",< 9,False,5183,0.169,,
OOT,MEDIDA1_DESAPALANCAMIENTO_SSFF_U12M,0.1295,1,"[9.0,10.0)",9–10,False,2047,0.1456,,
OOT,MEDIDA1_DESAPALANCAMIENTO_SSFF_U12M,0.1295,2,"[10.0,11.0)",10–11,False,2090,0.1129,,
OOT,MEDIDA1_DESAPALANCAMIENTO_SSFF_U12M,0.1295,3,"[11.0,inf)",≥ 11,False,1635,0.0844,,
OOT,MEDIDA1_LINEA_TARJETACREDITO,0.0388,1,"[-inf,5000.0)",< 5000,False,2060,0.1107,,
OOT,MEDIDA1_LINEA_TARJETACREDITO,0.0388,2,"[5000.0,inf)",≥ 5000,False,1078,0.1039,,
OOT,MEDIDA1_LINEA_TARJETACREDITO,0.0388,100,missing,Sin dato,True,7817,0.1545,,
OOT,MEDIDA1_MORA_INTERNA_U1M,0.3011,0,"[-inf,0.0)",< 0,False,1902,0.0794,,
OOT,MEDIDA1_MORA_INTERNA_U1M,0.3011,1,"[0.0,3.0)",0–3,False,6721,0.1042,,
OOT,MEDIDA1_MORA_INTERNA_U1M,0.3011,2,"[3.0,6.0)",3–6,False,1098,0.1694,,
OOT,MEDIDA1_MORA_INTERNA_U1M,0.3011,3,"[6.0,inf)",≥ 6,False,1234,0.4141,,
OOT,MEDIDA1_MORA_INTERNA_U6M,0.4703,0,"[-inf,4.0)",< 4,False,7401,0.0865,,
OOT,MEDIDA1_MORA_INTERNA_U6M,0.4703,1,"[4.0,7.0)",4–7,False,1561,0.1429,,
OOT,MEDIDA1_MORA_INTERNA_U6M,0.4703,2,"[7.0,13.0)",7–13,False,1173,0.2387,,
OOT,MEDIDA1_MORA_INTERNA_U6M,0.4703,3,"[13.0,inf)",≥ 13,False,820,0.4939,,
OOT,MEDIDA1_MORA_SSFF_U36M,0.2771,1,"[-inf,2.0)",< 2,False,1102,0.3485,,
OOT,MEDIDA1_MORA_SSFF_U36M,0.2771,2,"[2.0,18.0)",2–18,False,1760,0.1534,,
OOT,MEDIDA1_MORA_SSFF_U36M,0.2771,3,"[18.0,inf)",≥ 18,False,1314,0.1271,,
OOT,MEDIDA1_MORA_SSFF_U36M,0.2771,100,99,99 (especial),True,6779,0.1072,,
OOT,MEDIDA1_PRODUCTOS_SSFF_U1M,0.0454,1,"[-inf,2.0)",< 2,False,4062,0.1243,,
OOT,MEDIDA1_PRODUCTOS_SSFF_U1M,0.0454,2,"[2.0,3.0)",2–3,False,3236,0.1418,,
OOT,MEDIDA1_PRODUCTOS_SSFF_U1M,0.0454,3,"[3.0,4.0)",3–4,False,1913,0.1396,,
OOT,MEDIDA1_PRODUCTOS_SSFF_U1M,0.0454,4,"[4.0,inf)",≥ 4,False,1438,0.1926,,
OOT,MEDIDA1_PRODUCTOS_SSFF_U1M,0.0454,100,missing,Sin dato,True,306,0.1307,,
OOT,MEDIDA1_TRX_CASHIN_U3M,0.0191,1,"[-inf,20.0)",< 20,False,81,0.0494,,
OOT,MEDIDA1_TRX_CASHIN_U3M,0.0191,2,"[20.0,80.0)",20–80,False,1498,0.1121,,
OOT,MEDIDA1_TRX_CASHIN_U3M,0.0191,3,"[80.0,400.0)",80–400,False,5451,0.1374,,
OOT,MEDIDA1_TRX_CASHIN_U3M,0.0191,4,"[400.0,inf)",≥ 400,False,2327,0.1693,,
OOT,MEDIDA1_TRX_CASHIN_U3M,0.0191,100,missing,Sin dato,True,1598,0.1458,,
OOT,MEDIDA2_CALIFICACION_SSFF_U60M,0.1229,1,"[-inf,22.0)",< 22,False,2975,0.1876,,
OOT,MEDIDA2_CALIFICACION_SSFF_U60M,0.1229,2,"[22.0,35.0)",22–35,False,1878,0.1438,,
OOT,MEDIDA2_CALIFICACION_SSFF_U60M,0.1229,3,"[35.0,47.0)",35–47,False,1646,0.1434,,
OOT,MEDIDA2_CALIFICACION_SSFF_U60M,0.1229,4,"[47.0,59.0)",47–59,False,2623,0.1273,,
OOT,MEDIDA2_CALIFICACION_SSFF_U60M,0.1229,5,"[59.0,inf)",≥ 59,False,552,0.1196,,
OOT,MEDIDA2_CALIFICACION_SSFF_U60M,0.1229,100,60,60 (especial),True,1281,0.0656,,
OOT,MEDIDA2_MORA_INTERNA_U6M,0.1742,1,"[-inf,1.0)",< 1,False,4238,0.2143,,
OOT,MEDIDA2_MORA_INTERNA_U6M,0.1742,2,"[1.0,3.0)",1–3,False,1784,0.1211,,
OOT,MEDIDA2_MORA_INTERNA_U6M,0.1742,3,"[3.0,inf)",≥ 3,False,762,0.0919,,
OOT,MEDIDA2_MORA_INTERNA_U6M,0.1742,100,99,99 (especial),True,4171,0.0849,,
OOT,MEDIDA3_APALANCAMIENTO_INTERNO_U1M,0.125,1,"[-inf,0.6800000000000002)",< 0.68,False,610,0.0721,,
OOT,MEDIDA3_APALANCAMIENTO_INTERNO_U1M,0.125,2,"[0.6800000000000002,0.9800000000000004)",0.68–0.98,False,7974,0.1396,,
OOT,MEDIDA3_APALANCAMIENTO_INTERNO_U1M,0.125,3,"[0.9800000000000004,1.2800000000000007)",0.98–1.28,False,969,0.2136,,
OOT,MEDIDA3_APALANCAMIENTO_INTERNO_U1M,0.125,4,"[1.2800000000000007,inf)",≥ 1.28,False,1402,0.1312,,
OOT,MEDIDA3_APALANCAMIENTO_INTERNO_U1M,0.125,100,3.3333334e+08,3.3333334e+08 (especial),True,0,,,
OOT,MEDIDA3_APALANCAMIENTO_SSFF_U12M,0.0962,0,"[-inf,1.0)",< 1,False,658,0.1018,,
OOT,MEDIDA3_APALANCAMIENTO_SSFF_U12M,0.0962,1,"[1.0,2.0)",1–2,False,3191,0.1181,,
OOT,MEDIDA3_APALANCAMIENTO_SSFF_U12M,0.0962,2,"[2.0,3.0)",2–3,False,2928,0.1332,,
OOT,MEDIDA3_APALANCAMIENTO_SSFF_U12M,0.0962,3,"[3.0,inf)",≥ 3,False,4178,0.1709,,
OOT,SOCIODEMOGRAFICO_1,0.0781,1,"[-inf,2.0)",< 2,False,1329,0.0956,,
OOT,SOCIODEMOGRAFICO_1,0.0781,2,"[2.0,3.0)",2–3,False,3044,0.1143,,
OOT,SOCIODEMOGRAFICO_1,0.0781,3,"[3.0,4.0)",3–4,False,4817,0.1547,,
OOT,SOCIODEMOGRAFICO_1,0.0781,4,"[4.0,inf)",≥ 4,False,1183,0.2071,,
OOT,SOCIODEMOGRAFICO_1,0.0781,100,missing,Sin dato,True,582,0.1426,,
TRAIN,DEUDA_PROMEDIO_SSFF,0.0315,1,"[-inf,4000.0)",< 4000,False,13872,0.1879,13872.0,0.1879
TRAIN,DEUDA_PROMEDIO_SSFF,0.0315,2,"[4000.0,8000.0)",4000–8000,False,6418,0.1638,6418.0,0.1638
TRAIN,DEUDA_PROMEDIO_SSFF,0.0315,3,"[8000.0,80000.0)",8000–80000,False,15677,0.1398,15677.0,0.1398
TRAIN,DEUDA_PROMEDIO_SSFF,0.0315,4,"[80000.0,inf)",≥ 80000,False,2089,0.1149,2089.0,0.1149
TRAIN,DEUDA_PROMEDIO_SSFF,0.0315,100,missing,Sin dato,True,406,0.1773,406.0,0.1773
TRAIN,MEDIDA1_ANTIGUEDAD_SSFF,0.0442,1,"[-inf,24.0)",< 24,False,6621,0.2059,6621.0,0.2059
TRAIN,MEDIDA1_ANTIGUEDAD_SSFF,0.0442,2,"[24.0,53.0)",24–53,False,8073,0.1868,8073.0,0.1868
TRAIN,MEDIDA1_ANTIGUEDAD_SSFF,0.0442,3,"[53.0,inf)",≥ 53,False,23456,0.1377,23456.0,0.1377
TRAIN,MEDIDA1_ANTIGUEDAD_SSFF,0.0442,100,missing,Sin dato,True,312,0.1923,312.0,0.1923
TRAIN,MEDIDA1_APALANCAMIENTO_INTERNO_U6M,0.0839,0,"[-inf,0.32)",< 0.32,False,2321,0.072,2321.0,0.072
TRAIN,MEDIDA1_APALANCAMIENTO_INTERNO_U6M,0.0839,1,"[0.32,0.58)",0.32–0.58,False,5604,0.1103,5604.0,0.1103
TRAIN,MEDIDA1_APALANCAMIENTO_INTERNO_U6M,0.0839,2,"[0.58,0.8)",0.58–0.8,False,10449,0.15,10449.0,0.15
TRAIN,MEDIDA1_APALANCAMIENTO_INTERNO_U6M,0.0839,3,"[0.8,inf)",≥ 0.8,False,20088,0.1896,20088.0,0.1896
TRAIN,MEDIDA1_APALANCAMIENTO_SSFF_U36M,0.1197,1,"[-inf,0.26)",< 0.26,False,3053,0.0668,3053.0,0.0668
TRAIN,MEDIDA1_APALANCAMIENTO_SSFF_U36M,0.1197,2,"[0.26,0.64)",0.26–0.64,False,10390,0.1199,10390.0,0.1199
TRAIN,MEDIDA1_APALANCAMIENTO_SSFF_U36M,0.1197,3,"[0.64,0.86)",0.64–0.86,False,11018,0.1714,11018.0,0.1714
TRAIN,MEDIDA1_APALANCAMIENTO_SSFF_U36M,0.1197,4,"[0.86,inf)",≥ 0.86,False,12851,0.2068,12851.0,0.2068
TRAIN,MEDIDA1_APALANCAMIENTO_SSFF_U36M,0.1197,100,missing,Sin dato,True,1150,0.1435,1150.0,0.1435
TRAIN,MEDIDA1_CALIFICACION_SSFF_U60M,0.1154,1,"[-inf,1.0)",< 1,False,21780,0.1214,21780.0,0.1214
TRAIN,MEDIDA1_CALIFICACION_SSFF_U60M,0.1154,2,"[1.0,4.0)",1–4,False,11452,0.1973,11452.0,0.1973
TRAIN,MEDIDA1_CALIFICACION_SSFF_U60M,0.1154,3,"[4.0,inf)",≥ 4,False,4918,0.2436,4918.0,0.2436
TRAIN,MEDIDA1_CALIFICACION_SSFF_U60M,0.1154,100,missing,Sin dato,True,312,0.1923,312.0,0.1923
TRAIN,MEDIDA1_DESAPALANCAMIENTO_INTERNO_U12M,0.1229,1,"[-inf,5.0)",< 5,False,15331,0.2038,15331.0,0.2038
TRAIN,MEDIDA1_DESAPALANCAMIENTO_INTERNO_U12M,0.1229,2,"[5.0,7.0)",5–7,False,8640,0.1637,8640.0,0.1637
TRAIN,MEDIDA1_DESAPALANCAMIENTO_INTERNO_U12M,0.1229,3,"[7.0,10.0)",7–10,False,7515,0.1219,7515.0,0.1219
TRAIN,MEDIDA1_DESAPALANCAMIENTO_INTERNO_U12M,0.1229,4,"[10.0,inf)",≥ 10,False,4887,0.0759,4887.0,0.0759
TRAIN,MEDIDA1_DESAPALANCAMIENTO_INTERNO_U12M,0.1229,100,missing,Sin dato,True,2089,0.1604,2089.0,0.1604
TRAIN,MEDIDA1_DESAPALANCAMIENTO_SSFF_U12M,0.1295,0,"[-inf,9.0)",< 9,False,18480,0.199,18480.0,0.199
TRAIN,MEDIDA1_DESAPALANCAMIENTO_SSFF_U12M,0.1295,1,"[9.0,10.0)",9–10,False,7116,0.1641,7116.0,0.1641
TRAIN,MEDIDA1_DESAPALANCAMIENTO_SSFF_U12M,0.1295,2,"[10.0,11.0)",10–11,False,7090,0.1227,7090.0,0.1227
TRAIN,MEDIDA1_DESAPALANCAMIENTO_SSFF_U12M,0.1295,3,"[11.0,inf)",≥ 11,False,5776,0.077,5776.0,0.077
TRAIN,MEDIDA1_LINEA_TARJETACREDITO,0.0388,1,"[-inf,5000.0)",< 5000,False,7451,0.1339,7451.0,0.1339
TRAIN,MEDIDA1_LINEA_TARJETACREDITO,0.0388,2,"[5000.0,inf)",≥ 5000,False,3657,0.1009,3657.0,0.1009
TRAIN,MEDIDA1_LINEA_TARJETACREDITO,0.0388,100,missing,Sin dato,True,27354,0.1753,27354.0,0.1753
TRAIN,MEDIDA1_MORA_INTERNA_U1M,0.3011,0,"[-inf,0.0)",< 0,False,6892,0.0826,6892.0,0.0826
TRAIN,MEDIDA1_MORA_INTERNA_U1M,0.3011,1,"[0.0,3.0)",0–3,False,24110,0.1418,24110.0,0.1418
TRAIN,MEDIDA1_MORA_INTERNA_U1M,0.3011,2,"[3.0,6.0)",3–6,False,3906,0.193,3906.0,0.193
TRAIN,MEDIDA1_MORA_INTERNA_U1M,0.3011,3,"[6.0,inf)",≥ 6,False,3554,0.3995,3554.0,0.3995
TRAIN,MEDIDA1_MORA_INTERNA_U6M,0.4703,0,"[-inf,4.0)",< 4,False,26768,0.107,26768.0,0.107
TRAIN,MEDIDA1_MORA_INTERNA_U6M,0.4703,1,"[4.0,7.0)",4–7,False,4735,0.1685,4735.0,0.1685
TRAIN,MEDIDA1_MORA_INTERNA_U6M,0.4703,2,"[7.0,13.0)",7–13,False,4205,0.2773,4205.0,0.2773
TRAIN,MEDIDA1_MORA_INTERNA_U6M,0.4703,3,"[13.0,inf)",≥ 13,False,2754,0.4844,2754.0,0.4844
TRAIN,MEDIDA1_MORA_SSFF_U36M,0.2771,1,"[-inf,2.0)",< 2,False,3454,0.4114,3454.0,0.4114
TRAIN,MEDIDA1_MORA_SSFF_U36M,0.2771,2,"[2.0,18.0)",2–18,False,6301,0.1789,6301.0,0.1789
TRAIN,MEDIDA1_MORA_SSFF_U36M,0.2771,3,"[18.0,inf)",≥ 18,False,5281,0.1407,5281.0,0.1407
TRAIN,MEDIDA1_MORA_SSFF_U36M,0.2771,100,99,99 (especial),True,23426,0.1225,23426.0,0.1225
TRAIN,MEDIDA1_PRODUCTOS_SSFF_U1M,0.0454,1,"[-inf,2.0)",< 2,False,13937,0.1347,13937.0,0.1347
TRAIN,MEDIDA1_PRODUCTOS_SSFF_U1M,0.0454,2,"[2.0,3.0)",2–3,False,11052,0.1509,11052.0,0.1509
TRAIN,MEDIDA1_PRODUCTOS_SSFF_U1M,0.0454,3,"[3.0,4.0)",3–4,False,6897,0.1815,6897.0,0.1815
TRAIN,MEDIDA1_PRODUCTOS_SSFF_U1M,0.0454,4,"[4.0,inf)",≥ 4,False,5426,0.221,5426.0,0.221
TRAIN,MEDIDA1_PRODUCTOS_SSFF_U1M,0.0454,100,missing,Sin dato,True,1150,0.1435,1150.0,0.1435
TRAIN,MEDIDA1_TRX_CASHIN_U3M,0.0191,1,"[-inf,20.0)",< 20,False,3568,0.13,3568.0,0.13
TRAIN,MEDIDA1_TRX_CASHIN_U3M,0.0191,2,"[20.0,80.0)",20–80,False,11272,0.1463,11272.0,0.1463
TRAIN,MEDIDA1_TRX_CASHIN_U3M,0.0191,3,"[80.0,400.0)",80–400,False,13521,0.1608,13521.0,0.1608
TRAIN,MEDIDA1_TRX_CASHIN_U3M,0.0191,4,"[400.0,inf)",≥ 400,False,4433,0.2001,4433.0,0.2001
TRAIN,MEDIDA1_TRX_CASHIN_U3M,0.0191,100,missing,Sin dato,True,5668,0.1741,5668.0,0.1741
TRAIN,MEDIDA2_CALIFICACION_SSFF_U60M,0.1229,1,"[-inf,22.0)",< 22,False,10196,0.21,10196.0,0.21
TRAIN,MEDIDA2_CALIFICACION_SSFF_U60M,0.1229,2,"[22.0,35.0)",22–35,False,6437,0.1849,6437.0,0.1849
TRAIN,MEDIDA2_CALIFICACION_SSFF_U60M,0.1229,3,"[35.0,47.0)",35–47,False,5531,0.1663,5531.0,0.1663
TRAIN,MEDIDA2_CALIFICACION_SSFF_U60M,0.1229,4,"[47.0,59.0)",47–59,False,9457,0.1423,9457.0,0.1423
TRAIN,MEDIDA2_CALIFICACION_SSFF_U60M,0.1229,5,"[59.0,inf)",≥ 59,False,2058,0.0991,2058.0,0.0991
TRAIN,MEDIDA2_CALIFICACION_SSFF_U60M,0.1229,100,60,60 (especial),True,4783,0.0753,4783.0,0.0753
TRAIN,MEDIDA2_MORA_INTERNA_U6M,0.1742,1,"[-inf,1.0)",< 1,False,13951,0.2251,13951.0,0.2251
TRAIN,MEDIDA2_MORA_INTERNA_U6M,0.1742,2,"[1.0,3.0)",1–3,False,6032,0.1782,6032.0,0.1782
TRAIN,MEDIDA2_MORA_INTERNA_U6M,0.1742,3,"[3.0,inf)",≥ 3,False,2587,0.1256,2587.0,0.1256
TRAIN,MEDIDA2_MORA_INTERNA_U6M,0.1742,100,99,99 (especial),True,15892,0.1019,15892.0,0.1019
TRAIN,MEDIDA3_APALANCAMIENTO_INTERNO_U1M,0.125,1,"[-inf,0.6800000000000002)",< 0.68,False,2019,0.0778,2019.0,0.0778
TRAIN,MEDIDA3_APALANCAMIENTO_INTERNO_U1M,0.125,2,"[0.6800000000000002,0.9800000000000004)",0.68–0.98,False,27220,0.144,27220.0,0.144
TRAIN,MEDIDA3_APALANCAMIENTO_INTERNO_U1M,0.125,3,"[0.9800000000000004,1.2800000000000007)",0.98–1.28,False,4021,0.2952,4021.0,0.2952
TRAIN,MEDIDA3_APALANCAMIENTO_INTERNO_U1M,0.125,4,"[1.2800000000000007,inf)",≥ 1.28,False,5202,0.1722,2238.0,0.202
TRAIN,MEDIDA3_APALANCAMIENTO_INTERNO_U1M,0.125,100,3.3333334e+08,3.3333334e+08 (especial),True,0,,2964.0,0.1498
TRAIN,MEDIDA3_APALANCAMIENTO_SSFF_U12M,0.0962,0,"[-inf,1.0)",< 1,False,2473,0.093,2473.0,0.093
TRAIN,MEDIDA3_APALANCAMIENTO_SSFF_U12M,0.0962,1,"[1.0,2.0)",1–2,False,11043,0.1184,11043.0,0.1184
TRAIN,MEDIDA3_APALANCAMIENTO_SSFF_U12M,0.0962,2,"[2.0,3.0)",2–3,False,9882,0.1515,9882.0,0.1515
TRAIN,MEDIDA3_APALANCAMIENTO_SSFF_U12M,0.0962,3,"[3.0,inf)",≥ 3,False,15064,0.2076,15064.0,0.2076
TRAIN,SOCIODEMOGRAFICO_1,0.0781,1,"[-inf,2.0)",< 2,False,4717,0.0965,4717.0,0.0965
TRAIN,SOCIODEMOGRAFICO_1,0.0781,2,"[2.0,3.0)",2–3,False,11004,0.1412,11004.0,0.1412
TRAIN,SOCIODEMOGRAFICO_1,0.0781,3,"[3.0,4.0)",3–4,False,16829,0.1772,16829.0,0.1772
TRAIN,SOCIODEMOGRAFICO_1,0.0781,4,"[4.0,inf)",≥ 4,False,4175,0.2316,4175.0,0.2316
TRAIN,SOCIODEMOGRAFICO_1,0.0781,100,missing,Sin dato,True,1737,0.1169,1737.0,0.1169
