factor_lgd,lgd,factor_margen,ganancia_por_bueno,perdida_por_malo,pd_equilibrio_pct,utilidad_actual,utilidad_banco,utilidad_propuesto,ahorro_total,ahorro_politica,ahorro_modelo,ahorro_total_pct
0.8,0.56,0.8,572.0,2390.0,19.3113,1681084.0,2400300.0,2945308.0,1264224.0,719216.0,545008.0,75.2029
0.8,0.56,1.0,715.0,2390.0,23.0274,3026285.0,3444915.0,4016235.0,989950.0,418630.0,571320.0,32.7117
0.8,0.56,1.2,858.0,2390.0,26.4163,4371486.0,4489530.0,5087162.0,715676.0,118044.0,597632.0,16.3715
1.0,0.7,0.8,572.0,2950.0,16.2408,814204.0,1983660.0,2631708.0,1817504.0,1169456.0,648048.0,223.2246
1.0,0.7,1.0,715.0,2950.0,19.5089,2159405.0,3028275.0,3702635.0,1543230.0,868870.0,674360.0,71.4655
1.0,0.7,1.2,858.0,2950.0,22.5315,3504606.0,4072890.0,4773562.0,1268956.0,568284.0,700672.0,36.2082
1.2,0.84,0.8,572.0,3510.0,14.0127,-52676.0,1567020.0,2318108.0,2370784.0,1619696.0,751088.0,4500.691
1.2,0.84,1.0,715.0,3510.0,16.9231,1292525.0,2611635.0,3389035.0,2096510.0,1319110.0,777400.0,162.2027
1.2,0.84,1.2,858.0,3510.0,19.6429,2637726.0,3656250.0,4459962.0,1822236.0,1018524.0,803712.0,69.0836
